{
  "model_loading": {
    "operation": "model_loading",
    "baseline_model": {
      "load_time": 1.0851361751556396,
      "memory_usage": 497759232,
      "parameter_count": 124439808
    },
    "original_model": {
      "load_time": 1.1236927509307861,
      "memory_usage": 554825280,
      "parameter_count": 138706320
    },
    "optimized_model": {
      "load_time": 1.3152127265930176,
      "memory_usage": 554825280,
      "parameter_count": 138706320
    }
  },
  "pruning_comparison": {
    "original": {
      "0": {
        "model_type": "original",
        "pruning_level": 0,
        "generation_times": [
          1.0130319595336914,
          0.9992780685424805,
          1.004516839981079,
          1.0081501007080078,
          1.0515179634094238
        ],
        "avg_generation_time": 1.0152989864349364,
        "tokens_per_second": 19.698630912877075,
        "first_token_time": 1.013028860092163,
        "profile_data": null,
        "generated_text": "The transformer model architecture revolutionized natural language processing by the next to be able of a new members of the way to be able to a good, and"
      },
      "30": {
        "model_type": "original",
        "pruning_level": 30,
        "generation_times": [
          0.9839751720428467,
          1.0663280487060547,
          0.9781749248504639,
          1.070647954940796,
          1.1056361198425293
        ],
        "avg_generation_time": 1.040952444076538,
        "tokens_per_second": 19.213173583297202,
        "first_token_time": 0.9839720726013184,
        "profile_data": null,
        "generated_text": "The transformer model architecture revolutionized natural language processing by the idea of life on a large, and is not to be able to make a few other,"
      },
      "50": {
        "model_type": "original",
        "pruning_level": 50,
        "generation_times": [
          1.0354719161987305,
          1.0825071334838867,
          1.0652530193328857,
          1.0506680011749268,
          1.031229019165039
        ],
        "avg_generation_time": 1.0530258178710938,
        "tokens_per_second": 18.992886651567645,
        "first_token_time": 1.0354697704315186,
        "profile_data": null,
        "generated_text": "The transformer model architecture revolutionized natural language processing by a few of the world's in this was called the same for a way to be considered their own"
      },
      "70": {
        "model_type": "original",
        "pruning_level": 70,
        "generation_times": [
          0.9250969886779785,
          0.9201021194458008,
          0.8910388946533203,
          0.9084320068359375,
          0.8988628387451172
        ],
        "avg_generation_time": 0.9087065696716309,
        "tokens_per_second": 22.009304947830604,
        "first_token_time": 0.9250960350036621,
        "profile_data": null,
        "generated_text": "The transformer model architecture revolutionized natural language processing by a new, and in this game. The day, I was just to be asked about the U"
      }
    },
    "optimized": {
      "0": {
        "model_type": "optimized",
        "pruning_level": 0,
        "generation_times": [
          1.3196742534637451,
          1.284005880355835,
          1.2652959823608398,
          1.2241652011871338,
          1.1614007949829102
        ],
        "avg_generation_time": 1.2509084224700928,
        "tokens_per_second": 15.98838063661544,
        "first_token_time": 1.3196721076965332,
        "profile_data": null,
        "generated_text": "The transformer model architecture revolutionized natural language processing by a recent and the day, they was not to be a new life of this is a little time"
      },
      "30": {
        "model_type": "optimized",
        "pruning_level": 30,
        "generation_times": [
          1.1380031108856201,
          1.1749138832092285,
          1.218216896057129,
          1.1421518325805664,
          1.0565109252929688
        ],
        "avg_generation_time": 1.1459593296051025,
        "tokens_per_second": 17.452626357073246,
        "first_token_time": 1.1380012035369873,
        "profile_data": null,
        "generated_text": "The transformer model architecture revolutionized natural language processing by a new, and in the day a group of their new, I'm a few of the same"
      },
      "50": {
        "model_type": "optimized",
        "pruning_level": 50,
        "generation_times": [
          0.9854190349578857,
          0.9327032566070557,
          0.9028170108795166,
          0.943026065826416,
          0.9557440280914307
        ],
        "avg_generation_time": 0.943941879272461,
        "tokens_per_second": 21.187745177081148,
        "first_token_time": 0.985417366027832,
        "profile_data": null,
        "generated_text": "The transformer model architecture revolutionized natural language processing by a day, you've been considered to be able to the first of a new. I'm in"
      },
      "70": {
        "model_type": "optimized",
        "pruning_level": 70,
        "generation_times": [
          0.8663101196289062,
          0.847430944442749,
          0.853416919708252,
          0.8489930629730225,
          0.9147341251373291
        ],
        "avg_generation_time": 0.8661770343780517,
        "tokens_per_second": 23.08996799292972,
        "first_token_time": 0.8663082122802734,
        "profile_data": null,
        "generated_text": "The transformer model architecture revolutionized natural language processing by the world's a few of the world's going to be able to take them all of a few"
      }
    }
  },
  "timestamp": 1743626540.834254,
  "args": {
    "model_name": "gpt2",
    "device": "cpu",
    "optimization_level": 3,
    "pruning_levels": "0,30,50,70",
    "profile_mode": "basic",
    "multi_model_comparison": false,
    "compare_models": null,
    "model_family": null
  }
}