{
  "model_loading": {
    "operation": "model_loading",
    "baseline_model": {
      "load_time": 0.9930860996246338,
      "memory_usage": 497759232,
      "parameter_count": 124439808
    },
    "original_model": {
      "load_time": 1.1283988952636719,
      "memory_usage": 554825280,
      "parameter_count": 138706320
    },
    "optimized_model": {
      "load_time": 1.1185789108276367,
      "memory_usage": 554825280,
      "parameter_count": 138706320
    }
  },
  "pruning_comparison": {
    "original": {
      "0": {
        "model_type": "original",
        "pruning_level": 0,
        "generation_times": [
          1.0595979690551758,
          1.2391822338104248,
          1.1875982284545898,
          1.217421054840088,
          1.2089698314666748
        ],
        "avg_generation_time": 1.1825538635253907,
        "tokens_per_second": 16.9125488629978,
        "first_token_time": 1.0595951080322266,
        "profile_data": null,
        "generated_text": "The transformer model architecture revolutionized natural language processing by this is actually have a number of the first, and a lot of the day of \"I was"
      },
      "50": {
        "model_type": "original",
        "pruning_level": 50,
        "generation_times": [
          0.9349219799041748,
          0.980266809463501,
          0.9606931209564209,
          0.9444139003753662,
          0.9792702198028564
        ],
        "avg_generation_time": 0.9599132061004638,
        "tokens_per_second": 20.835217051807927,
        "first_token_time": 0.9349191188812256,
        "profile_data": null,
        "generated_text": "The transformer model architecture revolutionized natural language processing by a \"I was not to be very differentiating their own, and a large-3. I"
      }
    },
    "optimized": {
      "0": {
        "model_type": "optimized",
        "pruning_level": 0,
        "generation_times": [
          1.3337159156799316,
          1.201982021331787,
          1.2729921340942383,
          1.1582961082458496,
          1.2489430904388428
        ],
        "avg_generation_time": 1.24318585395813,
        "tokens_per_second": 16.087699145162244,
        "first_token_time": 1.3337149620056152,
        "profile_data": null,
        "generated_text": "The transformer model architecture revolutionized natural language processing by the world of a way to be able you're going to go on the new ones. It's"
      },
      "50": {
        "model_type": "optimized",
        "pruning_level": 50,
        "generation_times": [
          0.9592499732971191,
          0.8675110340118408,
          1.1554172039031982,
          0.9294791221618652,
          1.055976390838623
        ],
        "avg_generation_time": 0.9935267448425293,
        "tokens_per_second": 20.130308624122577,
        "first_token_time": 0.9592478275299072,
        "profile_data": null,
        "generated_text": "The transformer model architecture revolutionized natural language processing by a day, I'm not to a two of all is not a few of this is an opportunity"
      }
    }
  },
  "timestamp": 1743617241.623939,
  "args": {
    "model_name": "gpt2",
    "device": "cpu",
    "optimization_level": 3,
    "pruning_levels": "0,50",
    "profile_mode": "basic",
    "multi_model_comparison": false,
    "compare_models": null,
    "model_family": null
  }
}