{
  "multi_model_comparison": {
    "gpt2": {
      "model_family": "gpt2",
      "loading": {
        "operation": "model_loading",
        "baseline_model": {
          "load_time": 1.1430602073669434,
          "memory_usage": 497759232,
          "parameter_count": 124439808
        },
        "original_model": {
          "load_time": 1.1873178482055664,
          "memory_usage": 554825280,
          "parameter_count": 138706320
        },
        "optimized_model": {
          "load_time": 1.1581189632415771,
          "memory_usage": 554825280,
          "parameter_count": 138706320
        }
      },
      "inference": {
        "model_type": "optimized",
        "pruning_level": 0,
        "generation_times": [
          1.0431218147277832,
          1.0988290309906006,
          1.0535519123077393,
          1.0244719982147217,
          1.0546770095825195
        ],
        "avg_generation_time": 1.0549303531646728,
        "tokens_per_second": 18.958597541536502,
        "first_token_time": 1.0431170463562012,
        "profile_data": null,
        "generated_text": "The transformer model architecture revolutionized natural language processing by a man and of all was a few you see, but I'm going to be able to have"
      },
      "total_time": 12.453776121139526,
      "parameter_counts": {
        "baseline": 124439808,
        "adaptive": 138706320,
        "increase_percentage": 11.464588566385444
      }
    },
    "gpt2-medium": {
      "model_family": "gpt2",
      "loading": {
        "operation": "model_loading",
        "baseline_model": {
          "load_time": 11.123238801956177,
          "memory_usage": 1419292672,
          "parameter_count": 354823168
        },
        "original_model": {
          "load_time": 3.214836835861206,
          "memory_usage": 1622193664,
          "parameter_count": 405548416
        },
        "optimized_model": {
          "load_time": 3.222567081451416,
          "memory_usage": 1622193664,
          "parameter_count": 405548416
        }
      },
      "inference": {
        "model_type": "optimized",
        "pruning_level": 0,
        "generation_times": [
          3.5433847904205322,
          3.3463807106018066,
          3.295375108718872,
          3.7491981983184814,
          3.496767997741699
        ],
        "avg_generation_time": 3.486221361160278,
        "tokens_per_second": 5.736870361365589,
        "first_token_time": 3.543382167816162,
        "profile_data": null,
        "generated_text": "The transformer model architecture revolutionized natural language processing by default is to the public. I was to you would be a guest-up to talk of course"
      },
      "total_time": 45.4821720123291,
      "parameter_counts": {
        "baseline": 354823168,
        "adaptive": 405548416,
        "increase_percentage": 14.295923314680511
      }
    }
  },
  "timestamp": 1743617558.7384388,
  "args": {
    "model_name": "gpt2",
    "device": "cpu",
    "optimization_level": 1,
    "pruning_levels": "0,30,50,70",
    "profile_mode": "basic",
    "multi_model_comparison": true,
    "compare_models": "gpt2,gpt2-medium",
    "model_family": null
  }
}