{
  "model_loading": {
    "operation": "model_loading",
    "baseline_model": {
      "load_time": 0.9525649547576904,
      "memory_usage": 497759232,
      "parameter_count": 124439808
    },
    "original_model": {
      "load_time": 1.1350750923156738,
      "memory_usage": 554825280,
      "parameter_count": 138706320
    },
    "optimized_model": {
      "load_time": 1.140211820602417,
      "memory_usage": 554825280,
      "parameter_count": 138706320
    }
  },
  "pruning_comparison": {
    "original": {
      "0": {
        "model_type": "original",
        "pruning_level": 0,
        "generation_times": [
          1.3163390159606934,
          1.2942419052124023,
          1.30833101272583,
          1.277782917022705,
          1.215480089187622
        ],
        "avg_generation_time": 1.2824349880218506,
        "tokens_per_second": 15.595332462700426,
        "first_token_time": 1.3163361549377441,
        "profile_data": null,
        "generated_text": "The transformer model architecture revolutionized natural language processing by the world of a new words to be able on a strong and is not in their own. It"
      },
      "50": {
        "model_type": "original",
        "pruning_level": 50,
        "generation_times": [
          1.01853609085083,
          1.0300817489624023,
          1.0356991291046143,
          1.0215110778808594,
          1.0346760749816895
        ],
        "avg_generation_time": 1.0281008243560792,
        "tokens_per_second": 19.453344969863647,
        "first_token_time": 1.0185329914093018,
        "profile_data": null,
        "generated_text": "The transformer model architecture revolutionized natural language processing by a \"I'll be able to see what they were a day of the next.\n\n\n"
      }
    },
    "optimized": {
      "0": {
        "model_type": "optimized",
        "pruning_level": 0,
        "generation_times": [
          1.4155399799346924,
          1.4180641174316406,
          1.4570138454437256,
          1.398554801940918,
          1.41579270362854
        ],
        "avg_generation_time": 1.4209930896759033,
        "tokens_per_second": 14.074663800484457,
        "first_token_time": 1.415536880493164,
        "profile_data": null,
        "generated_text": "The transformer model architecture revolutionized natural language processing by a different kinds of what is just to be able of the way, I was not all three years"
      },
      "50": {
        "model_type": "optimized",
        "pruning_level": 50,
        "generation_times": [
          0.8366348743438721,
          0.87754225730896,
          0.8094589710235596,
          0.8571770191192627,
          0.886782169342041
        ],
        "avg_generation_time": 0.853519058227539,
        "tokens_per_second": 23.43240002341953,
        "first_token_time": 0.8366327285766602,
        "profile_data": null,
        "generated_text": "The transformer model architecture revolutionized natural language processing by their next.\n\n\nThe day, a lot of this day, and you can't be"
      }
    }
  },
  "timestamp": 1743617194.511137,
  "args": {
    "model_name": "gpt2",
    "device": "cpu",
    "optimization_level": 2,
    "pruning_levels": "0,50",
    "profile_mode": "basic",
    "multi_model_comparison": false,
    "compare_models": null,
    "model_family": null
  }
}