{
  "metadata": {
    "model_name": "gpt2",
    "device": "cpu",
    "precision": "float16",
    "num_tokens": 50,
    "temperature": 0.7,
    "iterations": 1,
    "optimization_levels": [
      0,
      1
    ],
    "pruning_levels": [
      0
    ],
    "timestamp": "2025-04-01 13:41:49"
  },
  "tests": [
    {
      "optimization_level": 0,
      "pruning": 0,
      "load_time": 0.8677067756652832,
      "generation_times": [
        3.8082752227783203
      ],
      "avg_generation_time": 3.8082752227783203,
      "tokens_per_second_values": [
        13.131932353095511
      ],
      "avg_tokens_per_second": 13.131932353095511,
      "perplexities": [
        34.74089315327667
      ],
      "avg_perplexity": 34.74089315327667
    },
    {
      "optimization_level": 1,
      "pruning": 0,
      "load_time": 0.4162900447845459,
      "generation_times": [
        0.0007598400115966797
      ],
      "avg_generation_time": 0.0007598400115966797,
      "tokens_per_second_values": [
        1.0
      ],
      "avg_tokens_per_second": 1.0,
      "perplexities": [
        100.0
      ],
      "avg_perplexity": 100.0
    }
  ]
}