{
  "metadata": {
    "model_name": "gpt2",
    "device": "cpu",
    "precision": "float16",
    "num_tokens": 50,
    "temperature": 0.7,
    "iterations": 1,
    "optimization_levels": [
      0,
      1
    ],
    "pruning_levels": [
      0
    ],
    "timestamp": "2025-04-01 13:42:16"
  },
  "tests": [
    {
      "optimization_level": 0,
      "pruning": 0,
      "load_time": 0.8703351020812988,
      "generation_times": [
        3.864753246307373
      ],
      "avg_generation_time": 3.864753246307373,
      "tokens_per_second_values": [
        12.939935163098005
      ],
      "avg_tokens_per_second": 12.939935163098005,
      "perplexities": [
        33.60346353866301
      ],
      "avg_perplexity": 33.60346353866301
    },
    {
      "optimization_level": 1,
      "pruning": 0,
      "load_time": 0.40959715843200684,
      "generation_times": [
        0.0007719993591308594
      ],
      "avg_generation_time": 0.0007719993591308594,
      "tokens_per_second_values": [
        1.0
      ],
      "avg_tokens_per_second": 1.0,
      "perplexities": [
        100.0
      ],
      "avg_perplexity": 100.0
    }
  ]
}