{
  "metadata": {
    "model_name": "gpt2",
    "device": "cpu",
    "precision": "float16",
    "num_tokens": 50,
    "temperature": 0.7,
    "iterations": 1,
    "optimization_levels": [
      0,
      1
    ],
    "pruning_levels": [
      0
    ],
    "timestamp": "2025-04-01 13:53:24"
  },
  "tests": [
    {
      "optimization_level": 0,
      "pruning": 0,
      "load_time": 0.787463903427124,
      "generation_times": [
        3.2575430870056152
      ],
      "avg_generation_time": 3.2575430870056152,
      "tokens_per_second_values": [
        15.3525227666828
      ],
      "avg_tokens_per_second": 15.3525227666828,
      "perplexities": [
        30.502104600568334
      ],
      "avg_perplexity": 30.502104600568334
    },
    {
      "optimization_level": 1,
      "pruning": 0,
      "load_time": 0.40720415115356445,
      "generation_times": [
        4.267906188964844
      ],
      "avg_generation_time": 4.267906188964844,
      "tokens_per_second_values": [
        11.71621768461971
      ],
      "avg_tokens_per_second": 11.71621768461971,
      "perplexities": [
        3.097318374660551
      ],
      "avg_perplexity": 3.097318374660551
    }
  ]
}